record_id,annotated,data_set
6152,False,
8321,False,
1264,False,
7738,False,
3640,True,psychedelic_study_100_20240411.jsonl
7739,False,
3637,True,psychedelic_study_100_20240411.jsonl
4967,False,
3639,False,
2105,False,
2107,False,
3632,False,
3633,False,
3638,True,psychedelic_study_50_20240418.jsonl
3634,False,
698,True,psychedelic_study_100_20240418.jsonl
4956,False,
2480,True,psychedelic_study_100_20240411.jsonl
4961,False,
6157,False,
3630,False,
8312,False,
4905,False,
6084,False,
5737,False,
801,False,
4953,False,
2101,False,
3635,True,psychedelic_study_100_20240411.jsonl
7743,False,
6131,False,
5853,False,
7740,False,
4893,False,
1959,False,
2106,False,
6045,False,
1958,False,
5735,False,
6189,False,
793,True,psychedelic_study_100_20240411.jsonl
7165,False,
794,False,
2482,False,
2481,False,
6278,False,
2886,False,
5905,False,
3636,False,
6013,False,
6281,False,
6096,False,
6136,False,
2104,False,
7054,False,
1272,False,
6287,False,
6228,False,
6965,False,
7057,False,
2103,False,
8869,False,
9369,False,
8268,False,
9370,False,
3765,False,
8878,False,
3770,False,
4957,False,
3766,False,
1531,False,
5899,False,
800,False,
6026,False,
2988,False,
2508,False,
3771,False,
6809,False,
6158,False,
6225,False,
943,False,
4451,True,psychedelic_study_100_20240411.jsonl
5366,False,
1992,False,
4966,False,
4971,True,psychedelic_study_50_20240418.jsonl
3389,False,
4970,False,
8455,False,
4355,False,
6250,False,
8868,True,psychedelic_study_100_20240418.jsonl
8345,False,
2516,False,
2507,False,
6197,False,
6203,False,
4358,False,
6027,False,
6028,False,
6034,False,
6029,False,
6021,False,
4969,False,
6015,False,
8454,False,
4955,False,
3784,False,
4954,False,
1917,False,
1216,False,
6016,False,
8902,True,psychedelic_study_100_20240418.jsonl
6004,False,
799,False,
3533,False,
791,False,
6003,False,
4359,False,
6000,False,
7745,False,
6035,False,
6041,False,
6040,False,
5697,True,psychedelic_study_100_20240418.jsonl
6121,False,
6103,False,
5698,False,
6494,False,
6023,False,
716,False,
6602,False,
6581,False,
131,False,
6060,False,
6043,False,
9392,False,
5695,True,psychedelic_study_100_20240418.jsonl
5688,False,
5689,False,
8711,False,
1829,False,
6170,False,
9257,False,
6176,False,
6047,False,
7002,False,
4023,False,
3799,False,
8114,False,
3172,False,
6057,False,
3178,False,
3928,False,
8344,False,
7463,False,
8808,False,
6134,False,
4968,True,psychedelic_study_100_20240418.jsonl
6344,False,
956,False,
3176,False,
7521,False,
3179,False,
165,False,
6241,False,
3180,False,
6195,False,
3174,False,
697,False,
6475,False,
1267,False,
3192,False,
5872,False,
1749,False,
4823,False,
6120,False,
6011,False,
163,False,
3240,False,
4509,False,
917,False,
3238,False,
912,False,
6010,False,
1866,True,psychedelic_study_50_20240418.jsonl
7156,False,
7726,False,
161,False,
6296,False,
3580,False,
8089,False,
143,False,
151,False,
1266,False,
4658,True,psychedelic_study_100_20240411.jsonl
3059,False,
1263,False,
8795,False,
203,False,
3060,False,
146,False,
56,False,
2406,False,
7484,False,
5595,False,
6163,False,
5593,False,
4885,False,
3061,False,
6229,False,
6292,False,
7727,False,
3177,False,
7720,False,
6232,False,
8923,False,
3195,False,
2864,True,psychedelic_study_100_20240411.jsonl
6116,False,
6243,False,
9435,False,
6239,False,
7525,False,
2404,False,
6288,False,
6097,False,
3189,True,psychedelic_study_100_20240418.jsonl
6114,False,
6193,False,
1771,False,
6231,False,
9436,False,
2766,False,
6144,False,
155,False,
145,False,
2397,False,
636,False,
1884,False,
2388,False,
641,False,
4019,False,
160,False,
2426,False,
1819,False,
4508,False,
634,False,
7719,True,psychedelic_study_100_20240411.jsonl
6285,False,
2393,False,
638,False,
6101,False,
164,False,
2256,False,
6244,False,
2257,False,
5935,False,
2389,False,
9486,False,
2421,False,
2410,False,
137,False,
2408,False,
2525,False,
477,False,
1731,False,
2916,False,
5849,False,
1166,False,
2384,False,
2409,False,
5919,False,
2043,False,
152,False,
2423,True,psychedelic_study_100_20240418.jsonl
695,False,
5918,False,
6148,False,
2405,False,
2407,False,
4729,False,
9484,False,
2414,False,
53,False,
2387,False,
2398,False,
8051,False,
2395,False,
8153,False,
6066,False,
2392,False,
2377,False,
6001,False,
2427,False,
2380,False,
5475,False,
2422,False,
4976,False,
7466,True,psychedelic_study_100_20240411.jsonl
2386,False,
2382,False,
2417,False,
2381,False,
2390,True,psychedelic_study_100_20240418.jsonl
8836,True,psychedelic_study_50_20240418.jsonl
7943,False,
2419,False,
3704,False,
9572,False,
6080,False,
9573,False,
5920,False,
4730,False,
3260,False,
7940,False,
2255,False,
8380,False,
4688,False,
2535,False,
6067,False,
9339,False,
3147,False,
4014,False,
1964,False,
6899,False,
1963,False,
9182,False,
2536,False,
6902,False,
2112,True,psychedelic_study_100_20240411.jsonl
4570,False,
777,False,
2650,False,
9571,False,
3791,False,
6903,False,
4949,False,
8351,False,
4948,False,
3216,False,
7130,False,
8154,False,
5914,False,
5921,False,
5006,False,
1451,False,
5173,False,
58,False,
9588,False,
1228,False,
2497,False,
2539,False,
1240,False,
3819,False,
3822,False,
2939,False,
4307,True,psychedelic_study_100_20240418.jsonl
4025,False,
2552,False,
6524,False,
2487,True,psychedelic_study_50_20240418.jsonl
2763,False,
1913,False,
2044,False,
1239,False,
9232,False,
135,False,
1237,False,
6212,False,
3903,False,
4308,False,
1694,False,
530,False,
2113,False,
816,False,
8052,False,
7598,False,
5022,False,
8062,False,
1453,False,
2035,False,
1755,False,
1437,False,
127,True,psychedelic_study_100_20240418.jsonl
9175,False,
3959,False,
153,True,psychedelic_study_50_20240418.jsonl
3001,False,
5513,False,
2383,False,
1488,False,
2401,False,
2385,False,
2378,False,
260,False,
2425,False,
2490,True,psychedelic_study_100_20240411.jsonl
2418,True,psychedelic_study_100_20240418.jsonl
3112,False,
7945,False,
2420,True,psychedelic_study_50_20240418.jsonl
7396,False,
7942,True,psychedelic_study_100_20240411.jsonl
9592,False,
1484,False,
336,False,
2400,False,
352,False,
9174,False,
7898,False,
3173,False,
2299,False,
338,False,
6898,False,
9277,False,
6082,False,
305,False,
4410,False,
77,False,
1455,False,
3398,False,
7302,False,
2399,False,
5446,False,
3792,False,
4921,False,
1650,False,
2805,False,
144,False,
1496,False,
5834,False,
5079,False,
6108,False,
2023,False,
9575,False,
2605,True,psychedelic_study_50_20240418.jsonl
3925,False,
3817,False,
1871,False,
1671,False,
2915,False,
5080,False,
1497,False,
6031,False,
234,False,
1456,False,
7941,False,
7900,False,
4421,False,
6078,False,
6403,False,
7403,False,
8749,False,
8417,False,
4420,False,
8481,False,
1537,True,psychedelic_study_100_20240418.jsonl
6901,False,
1737,False,
7077,False,
8982,False,
3148,False,
4784,False,
6236,False,
4179,False,
1238,False,
7980,True,psychedelic_study_100_20240418.jsonl
3000,False,
4841,False,
6361,True,psychedelic_study_50_20240418.jsonl
6469,False,
8989,False,
1807,False,
405,False,
4112,False,
3063,False,
1799,False,
6789,False,
1196,False,
2820,True,psychedelic_study_100_20240411.jsonl
216,True,psychedelic_study_100_20240411.jsonl
8041,False,
9416,False,
1806,False,
7397,False,
7200,False,
2556,False,
4031,False,
2813,False,
7402,False,
1446,False,
2538,False,
8713,False,
5280,False,
6204,False,
6584,False,
3057,False,
3758,False,
5838,False,
7519,True,psychedelic_study_100_20240418.jsonl
4252,True,psychedelic_study_100_20240411.jsonl
2999,False,
3214,False,
319,False,
7401,False,
2601,False,
2049,False,
9594,False,
1510,False,
3305,False,
5967,False,
9173,True,psychedelic_study_100_20240418.jsonl
1418,False,
9233,False,
7497,False,
6456,False,
5789,False,
5286,False,
7437,False,
5598,True,psychedelic_study_50_20240418.jsonl
3757,False,
4057,False,
3018,False,
7073,False,
7946,True,psychedelic_study_100_20240411.jsonl
7465,False,
5930,True,psychedelic_study_100_20240411.jsonl
6447,False,
3598,False,
6730,False,
4241,False,
4364,False,
7074,True,psychedelic_study_100_20240411.jsonl
2542,False,
4798,True,psychedelic_study_50_20240418.jsonl
2114,False,
5395,False,
54,False,
9520,False,
4739,False,
558,False,
7580,False,
4523,False,
5405,False,
2794,False,
5032,False,
7253,False,
7976,False,
652,True,psychedelic_study_100_20240411.jsonl
3894,False,
889,False,
772,False,
6357,False,
3593,False,
394,True,psychedelic_study_100_20240411.jsonl
7075,False,
9238,False,
9595,False,
3909,False,
9000,True,psychedelic_study_100_20240411.jsonl
3992,False,
1098,False,
497,False,
5915,False,
9596,False,
1430,False,
4165,False,
7351,False,
1443,True,psychedelic_study_100_20240418.jsonl
9565,False,
5001,False,
6321,False,
8987,True,psychedelic_study_100_20240411.jsonl
5023,False,
1447,False,
2753,False,
2553,False,
211,False,
6072,False,
8177,False,
6037,False,
5739,False,
5396,False,
9603,False,
4815,False,
1236,False,
8180,False,
5122,False,
2998,True,psychedelic_study_100_20240411.jsonl
7554,False,
7012,False,
809,False,
808,True,psychedelic_study_100_20240418.jsonl
5968,False,
6106,False,
5515,False,
5408,False,
2762,False,
9179,False,
3818,True,psychedelic_study_100_20240411.jsonl
5494,False,
8533,False,
1129,False,
8352,False,
5802,False,
3257,False,
3353,True,psychedelic_study_100_20240418.jsonl
5584,False,
4058,False,
8687,False,
44,False,
8087,True,psychedelic_study_100_20240418.jsonl
4424,True,psychedelic_study_100_20240411.jsonl
3594,False,
5898,False,
734,False,
979,False,
4117,False,
1389,False,
9198,False,
9307,False,
586,False,
5568,False,
5495,False,
2719,False,
884,False,
72,False,
9195,False,
5555,False,
7435,False,
6739,False,
2376,False,
6421,False,
6672,False,
2034,False,
2825,False,
1522,False,
2379,False,
6383,False,
6141,False,
1882,False,
762,False,
5213,False,
5525,True,psychedelic_study_100_20240411.jsonl
1981,True,psychedelic_study_100_20240418.jsonl
7011,False,
4924,False,
5511,False,
9495,False,
7013,False,
9331,False,
4370,False,
1820,False,
5328,False,
6330,False,
6731,False,
4220,False,
8179,False,
3592,False,
73,False,
7956,False,
3111,False,
5121,False,
9567,False,
6385,False,
9574,False,
528,False,
5081,False,
2092,False,
8777,True,psychedelic_study_100_20240418.jsonl
5641,False,
6180,False,
9508,False,
1649,False,
9421,False,
8497,False,
7240,False,
9629,False,
5700,False,
4236,False,
9466,False,
1439,False,
1429,False,
9532,False,
7223,False,
4008,False,
1433,False,
8990,False,
2416,False,
6490,False,
8635,False,
1729,False,
659,False,
8350,False,
6507,False,
5686,False,
1703,False,
4988,False,
7225,False,
9577,False,
5040,False,
8122,False,
1314,False,
4754,False,
1891,True,psychedelic_study_100_20240411.jsonl
3850,False,
9590,False,
5025,True,psychedelic_study_100_20240411.jsonl
3715,False,
5644,False,
7414,False,
7807,False,
2250,False,
2675,False,
7594,False,
1961,True,psychedelic_study_50_20240418.jsonl
5997,False,
486,False,
8613,True,psychedelic_study_100_20240418.jsonl
525,False,
9563,False,
8487,False,
6061,False,
1445,False,
9007,True,psychedelic_study_100_20240411.jsonl
5684,False,
259,False,
7990,False,
4006,False,
337,False,
5364,False,
6837,False,
5099,False,
4792,False,
7777,False,
6450,True,psychedelic_study_50_20240418.jsonl
8636,True,psychedelic_study_100_20240418.jsonl
1730,False,
5690,False,
3837,False,
6325,False,
221,False,
3825,False,
8752,False,
4914,False,
227,False,
3927,False,
6258,False,
6608,False,
8218,False,
6245,False,
8077,False,
6171,False,
1450,False,
1657,False,
5543,False,
7621,True,psychedelic_study_100_20240411.jsonl
2431,False,
4592,False,
3237,False,
2818,False,
6345,True,psychedelic_study_100_20240418.jsonl
7021,False,
3876,False,
7803,False,
1364,True,psychedelic_study_50_20240418.jsonl
3728,False,
3796,False,
7574,False,
4129,False,
1262,False,
6062,False,
3449,False,
6274,False,
5139,True,psychedelic_study_100_20240418.jsonl
6173,False,
8307,False,
7295,False,
8976,False,
6870,False,
3492,True,psychedelic_study_50_20240418.jsonl
6468,False,
2424,False,
3977,True,psychedelic_study_100_20240411.jsonl
3071,False,
148,False,
578,False,
7399,False,
7405,False,
531,True,psychedelic_study_100_20240411.jsonl
220,False,
154,False,
7597,False,
8731,False,
6855,False,
8349,False,
6422,False,
7861,False,
6470,False,
3820,False,
6402,False,
7863,False,
167,True,psychedelic_study_100_20240418.jsonl
6800,False,
2359,False,
8936,False,
2396,False,
9562,False,
7875,False,
8889,False,
3306,False,
1436,False,
7817,False,
4544,False,
6502,False,
6132,False,
6699,False,
4543,False,
5381,False,
6222,False,
6162,False,
2720,False,
482,False,
6843,False,
5316,False,
691,False,
564,False,
8959,True,psychedelic_study_100_20240418.jsonl
8634,False,
6446,True,psychedelic_study_100_20240418.jsonl
9071,False,
6491,False,
980,True,psychedelic_study_50_20240418.jsonl
4349,False,
4249,False,
121,True,psychedelic_study_100_20240411.jsonl
8120,False,
5991,False,
2765,False,
7860,False,
1763,False,
1647,False,
1486,False,
4782,False,
7055,False,
763,False,
7078,False,
128,False,
6367,False,
664,False,
6894,False,
1942,False,
1452,False,
2168,False,
3631,False,
526,False,
4056,False,
342,False,
8947,False,
7603,False,
2033,False,
347,False,
2863,False,
8470,True,psychedelic_study_50_20240418.jsonl
7110,False,
9239,False,
6074,False,
6448,False,
7557,False,
6643,False,
9197,False,
6423,False,
579,False,
8335,False,
1442,False,
4922,False,
1441,False,
6644,False,
7573,False,
8498,False,
8991,False,
7415,False,
6358,False,
5954,False,
1736,False,
8496,False,
5346,False,
3017,False,
8176,False,
9442,False,
4977,False,
2118,True,psychedelic_study_50_20240418.jsonl
5936,True,psychedelic_study_50_20240418.jsonl
3926,True,psychedelic_study_100_20240418.jsonl
2162,False,
78,False,
5343,False,
1685,False,
4579,False,
2473,False,
159,False,
162,False,
1670,False,
9420,False,
5082,False,
5917,False,
660,False,
8747,False,
4581,False,
9630,False,
2391,False,
1438,False,
9171,True,psychedelic_study_100_20240411.jsonl
5564,False,
5910,False,
9496,True,psychedelic_study_100_20240418.jsonl
7207,False,
7378,False,
6098,False,
1139,False,
8370,False,
633,False,
9589,False,
6445,False,
76,False,
1787,False,
4711,True,psychedelic_study_100_20240411.jsonl
5024,False,
997,False,
668,False,
1229,False,
6068,False,
1444,False,
6038,False,
3682,False,
6194,False,
687,False,
1530,False,
9381,False,
1462,False,
9340,False,
5572,False,
2026,False,
410,False,
9568,False,
5249,False,
4694,False,
4816,False,
4999,False,
6019,False,
6869,False,
8412,False,
5706,False,
6375,False,
6740,False,
8948,False,
4731,False,
7224,False,
2955,False,
635,False,
6146,False,
4783,False,
7090,False,
4005,False,
1507,False,
7456,False,
6058,False,
2413,False,
6012,False,
3371,False,
637,False,
5048,False,
563,False,
5995,False,
5625,True,psychedelic_study_100_20240411.jsonl
2373,False,
9521,False,
6224,False,
6044,False,
7216,False,
6282,False,
4633,False,
8143,False,
5375,False,
3995,False,
6295,True,psychedelic_study_50_20240418.jsonl
4653,False,
1052,False,
6322,False,
914,False,
185,False,
3821,False,
9591,False,
562,False,
254,False,
6025,False,
4708,True,psychedelic_study_100_20240418.jsonl
1041,False,
7049,False,
290,False,
1432,False,
6998,False,
8048,False,
6646,False,
1803,False,
262,False,
6954,False,
5624,False,
2817,False,
5987,False,
224,False,
6419,False,
4683,False,
8342,False,
3217,False,
9542,False,
2137,False,
9379,False,
8320,False,
4573,False,
7105,False,
4582,False,
1805,False,
7056,False,
1347,False,
1351,False,
6714,False,
5828,False,
9505,False,
6380,False,
6665,False,
7587,False,
6527,False,
1822,True,psychedelic_study_100_20240418.jsonl
6366,False,
9446,False,
2227,False,
7520,False,
1987,False,
7890,False,
846,False,
3896,False,
1886,True,psychedelic_study_100_20240411.jsonl
7477,False,
2148,False,
7419,False,
8977,False,
7243,False,
9570,False,
7242,False,
4474,False,
6884,False,
8187,False,
1042,False,
6664,True,psychedelic_study_100_20240418.jsonl
2411,False,
5600,False,
1434,False,
7467,False,
2957,False,
1524,False,
5635,False,
8748,False,
3866,False,
9556,False,
4728,True,psychedelic_study_100_20240411.jsonl
120,False,
276,False,
9564,False,
5046,False,
1824,False,
2415,False,
401,False,
5743,False,
9566,True,psychedelic_study_100_20240418.jsonl
6850,False,
8908,False,
6234,False,
692,False,
8798,True,psychedelic_study_100_20240411.jsonl
9332,False,
5597,False,
1659,False,
2887,False,
7453,False,
7591,False,
8599,False,
5797,False,
8847,True,psychedelic_study_100_20240411.jsonl
6240,False,
1352,False,
6360,False,
5315,False,
9602,False,
9501,True,psychedelic_study_100_20240418.jsonl
1283,False,
1543,False,
8414,True,psychedelic_study_100_20240411.jsonl
141,False,
5136,False,
9467,False,
1925,False,
1615,False,
2017,False,
6190,False,
1796,False,
6093,True,psychedelic_study_100_20240418.jsonl
3354,False,
9126,False,
9006,False,
7876,False,
6749,False,
7264,True,psychedelic_study_100_20240418.jsonl
4276,False,
6213,False,
7895,False,
5171,False,
7491,False,
6271,False,
7263,False,
2124,False,
4521,False,
5000,False,
9242,False,
6183,False,
953,False,
6007,False,
7061,False,
4350,False,
2822,False,
5483,False,
5071,False,
7767,False,
9244,False,
8681,False,
8732,False,
1597,False,
5900,False,
4650,False,
9579,False,
7338,False,
3603,False,
3783,False,
7258,False,
6748,False,
8746,True,psychedelic_study_100_20240411.jsonl
6440,False,
7761,False,
6438,False,
8178,False,
75,False,
2229,False,
5988,False,
2207,True,psychedelic_study_50_20240418.jsonl
8910,False,
8692,False,
85,False,
7535,False,
8220,False,
790,False,
3277,True,psychedelic_study_100_20240418.jsonl
2861,True,psychedelic_study_100_20240411.jsonl
8102,False,
6316,False,
8166,False,
1645,False,
8763,False,
7048,False,
717,False,
7047,False,
2143,False,
2152,False,
3537,False,
2153,False,
2761,False,
4651,False,
8100,False,
7746,False,
5804,False,
4899,False,
2186,False,
8059,False,
5482,False,
8801,False,
7961,True,psychedelic_study_100_20240418.jsonl
9509,False,
3183,False,
6574,False,
2547,False,
1879,False,
7064,False,
7964,False,
6115,False,
2307,False,
2209,False,
6050,False,
8957,False,
8963,False,
5188,False,
5870,False,
1277,False,
3328,False,
7822,False,
6105,False,
8970,False,
1291,False,
5871,False,
8477,False,
1255,False,
4389,False,
4911,False,
624,True,psychedelic_study_100_20240418.jsonl
7753,False,
6160,False,
7089,False,
8966,False,
7611,False,
4459,False,
4353,False,
7679,False,
2879,False,
5923,False,
7311,False,
6443,False,
5317,False,
2402,False,
2245,False,
4422,False,
4785,True,psychedelic_study_50_20240418.jsonl
8372,False,
1843,False,
8538,False,
9455,False,
8956,False,
8457,False,
8259,False,
3604,False,
9032,False,
5457,False,
5873,False,
8257,False,
5267,False,
7052,False,
5070,False,
8483,False,
9503,False,
9235,False,
9119,True,psychedelic_study_100_20240411.jsonl
5815,False,
4506,False,
8809,False,
2062,False,
1744,False,
7545,False,
1808,False,
3427,False,
1081,False,
8466,False,
8741,False,
9149,False,
3008,False,
4642,False,
7363,False,
3302,False,
9314,False,
4943,False,
7051,False,
3363,False,
5545,True,psychedelic_study_100_20240411.jsonl
3452,True,psychedelic_study_100_20240418.jsonl
4684,True,psychedelic_study_100_20240418.jsonl
4576,False,
7426,False,
6877,False,
7710,False,
3451,False,
6377,True,psychedelic_study_100_20240418.jsonl
5459,False,
5717,False,
8536,False,
5177,True,psychedelic_study_100_20240411.jsonl
8811,False,
7815,False,
1846,False,
4423,False,
3962,False,
8429,False,
6159,False,
3774,False,
5419,False,
9084,False,
201,False,
5227,False,
8535,False,
1765,False,
50,False,
8888,False,
8503,False,
7305,False,
4428,False,
989,False,
7050,False,
8318,False,
4356,False,
7392,False,
1841,False,
4944,False,
5808,False,
7060,False,
7312,False,
7062,False,
6693,False,
8413,False,
700,False,
5812,False,
1938,False,
1135,False,
5470,False,
927,False,
6717,False,
3097,False,
975,False,
7210,True,psychedelic_study_100_20240418.jsonl
7280,False,
9051,False,
1295,False,
7276,False,
824,False,
3680,False,
3479,False,
1952,False,
3807,False,
6718,False,
7389,False,
2913,True,psychedelic_study_100_20240411.jsonl
7713,True,psychedelic_study_100_20240418.jsonl
2807,False,
5546,False,
6724,False,
7427,False,
6720,False,
1747,False,
3336,False,
2682,False,
2684,False,
4755,False,
3649,False,
9469,False,
7123,False,
1633,False,
7742,False,
4644,False,
5816,False,
8740,False,
4638,False,
5803,False,
4656,False,
699,False,
3956,False,
6436,True,psychedelic_study_100_20240418.jsonl
8810,False,
3107,False,
7796,False,
4636,False,
4631,False,
1388,True,psychedelic_study_100_20240418.jsonl
4635,False,
502,False,
4652,False,
6941,False,
3480,False,
7071,False,
3096,False,
1939,False,
9522,False,
988,False,
6914,False,
7362,False,
8138,False,
2602,False,
2627,False,
9114,False,
7360,False,
719,False,
9039,False,
7367,False,
7365,False,
2176,False,
3285,False,
6723,True,psychedelic_study_100_20240418.jsonl
1848,False,
657,False,
1040,False,
3963,False,
6563,False,
2031,False,
556,False,
8295,False,
8196,False,
8415,False,
4532,False,
3645,False,
4143,False,
9282,False,
8682,True,psychedelic_study_100_20240418.jsonl
8296,False,
423,False,
7391,False,
5704,False,
2178,False,
7546,False,
1750,False,
3410,False,
6986,False,
7361,False,
7155,False,
9225,True,psychedelic_study_100_20240411.jsonl
8644,False,
8365,False,
7656,False,
1688,False,
4035,True,psychedelic_study_100_20240411.jsonl
2154,False,
985,False,
5524,False,
8325,False,
87,False,
6191,False,
3511,False,
1864,False,
3548,False,
6845,False,
7381,False,
6123,False,
6264,False,
1345,False,
6198,False,
4096,False,
8679,False,
3304,False,
3840,False,
2167,False,
4587,False,
4473,False,
4884,False,
1269,False,
2360,False,
9034,False,
6137,False,
1814,False,
4807,False,
2954,False,
6008,False,
3678,False,
8432,False,
8606,False,
2956,True,psychedelic_study_100_20240411.jsonl
1989,True,psychedelic_study_100_20240418.jsonl
2223,False,
991,False,
4470,False,
6220,True,psychedelic_study_100_20240418.jsonl
5894,False,
8387,False,
2878,False,
7097,False,
6474,False,
1109,False,
8696,False,
2232,False,
5020,False,
7370,False,
5895,False,
7454,False,
7368,False,
7158,False,
7782,False,
6498,False,
8219,False,
283,False,
8430,False,
1513,True,psychedelic_study_100_20240411.jsonl
4693,False,
8364,False,
382,False,
6891,False,
1793,False,
3835,False,
2474,False,
1360,False,
4789,False,
6449,False,
3839,False,
2830,False,
7328,False,
5230,False,
2430,False,
3337,False,
5761,False,
7424,False,
4367,False,
393,False,
7643,False,
4854,False,
8825,False,
207,False,
1912,False,
2004,False,
1309,False,
7265,False,
2555,False,
2225,False,
1130,False,
5757,False,
4558,False,
1722,False,
9036,False,
8157,False,
591,False,
5215,False,
9273,False,
718,False,
7779,False,
1083,False,
7214,True,psychedelic_study_100_20240411.jsonl
170,True,psychedelic_study_100_20240411.jsonl
7425,False,
8527,False,
229,False,
5813,False,
2821,False,
6452,False,
6389,False,
960,False,
3650,True,psychedelic_study_50_20240418.jsonl
3687,False,
5464,False,
7364,False,
6993,False,
5468,False,
8398,False,
6374,False,
5107,False,
6496,True,psychedelic_study_100_20240411.jsonl
7781,False,
5460,True,psychedelic_study_100_20240411.jsonl
7369,False,
3775,False,
5456,False,
5189,False,
4780,False,
7970,True,psychedelic_study_100_20240411.jsonl
4064,False,
1998,False,
6453,False,
1710,False,
3054,False,
5247,False,
2938,False,
8596,False,
1655,False,
4133,False,
6135,False,
9471,False,
202,False,
4930,False,
625,False,
902,True,psychedelic_study_100_20240418.jsonl
5118,True,psychedelic_study_100_20240411.jsonl
7778,False,
7593,False,
1877,False,
7304,False,
5498,False,
3100,False,
8552,True,psychedelic_study_100_20240411.jsonl
5158,False,
178,False,
1482,False,
7313,False,
7575,False,
1254,False,
2155,False,
6199,False,
4732,False,
6670,False,
6099,False,
811,False,
3736,False,
8276,False,
4578,False,
2625,True,psychedelic_study_50_20240418.jsonl
8874,False,
5998,False,
6090,False,
4574,True,psychedelic_study_50_20240418.jsonl
1600,False,
6005,False,
8117,False,
6641,False,
8918,False,
6698,False,
469,False,
6091,False,
64,False,
6977,False,
1448,False,
4230,False,
1383,False,
7272,False,
6249,False,
8694,False,
3555,False,
5206,False,
1077,False,
9083,False,
1487,False,
139,False,
9313,False,
8488,False,
9431,False,
2729,False,
5712,False,
5618,False,
7124,False,
518,False,
7506,False,
5928,False,
6821,False,
3720,False,
421,False,
2278,False,
2828,False,
7212,False,
1276,False,
1035,False,
8782,True,psychedelic_study_100_20240411.jsonl
6268,True,psychedelic_study_50_20240418.jsonl
7277,False,
1948,False,
9038,True,psychedelic_study_50_20240418.jsonl
5628,False,
1759,False,
5377,False,
8104,False,
5512,False,
7750,True,psychedelic_study_50_20240418.jsonl
5945,False,
1165,False,
1842,False,
5703,False,
5469,False,
8319,False,
8043,False,
7352,False,
1329,True,psychedelic_study_100_20240418.jsonl
9410,False,
3742,False,
2686,False,
1319,False,
7226,False,
1148,True,psychedelic_study_100_20240411.jsonl
764,False,
2670,False,
2626,False,
5733,False,
2222,False,
9607,False,
6030,False,
3236,False,
8140,False,
2174,False,
6523,False,
5378,False,
4298,False,
5716,False,
2816,True,psychedelic_study_100_20240411.jsonl
4634,False,
1937,False,
8371,False,
1278,False,
2831,False,
802,False,
6591,False,
8317,False,
3002,True,psychedelic_study_100_20240418.jsonl
1941,False,
4458,False,
7268,False,
69,False,
4141,False,
2252,False,
710,False,
8431,False,
2671,False,
7837,False,
8671,True,psychedelic_study_50_20240418.jsonl
1792,False,
7187,False,
6427,False,
4887,False,
7063,False,
7186,False,
2936,False,
1745,True,psychedelic_study_50_20240418.jsonl
2829,False,
3149,False,
5466,False,
2231,False,
831,False,
183,False,
4491,False,
5897,False,
7730,False,
1918,False,
184,False,
6648,False,
1679,False,
6284,False,
2929,False,
4292,False,
7337,False,
7170,False,
9040,False,
5621,False,
4826,False,
4639,False,
1220,True,psychedelic_study_50_20240418.jsonl
6055,False,
5817,False,
6635,True,psychedelic_study_100_20240411.jsonl
3160,False,
7172,False,
2269,False,
2880,False,
4825,False,
959,False,
4824,False,
9124,False,
3175,True,psychedelic_study_100_20240418.jsonl
2874,False,
650,False,
8553,False,
1740,False,
6413,False,
6979,False,
86,False,
8843,False,
7386,False,
2501,False,
1281,False,
2502,False,
7354,False,
903,False,
6451,True,psychedelic_study_50_20240418.jsonl
6022,False,
7436,False,
3605,True,psychedelic_study_100_20240411.jsonl
4643,False,
4567,True,psychedelic_study_100_20240411.jsonl
7174,False,
3182,False,
3020,False,
9472,False,
187,False,
3782,False,
9044,False,
7126,False,
1825,False,
3646,False,
1849,False,
4701,False,
4645,True,psychedelic_study_100_20240411.jsonl
8909,True,psychedelic_study_100_20240418.jsonl
3647,False,
3364,False,
7504,False,
5944,False,
6649,False,
5544,False,
3681,False,
9151,False,
2161,False,
1580,False,
973,False,
4935,False,
5845,False,
7601,True,psychedelic_study_100_20240418.jsonl
2669,False,
8555,False,
7786,True,psychedelic_study_100_20240411.jsonl
2160,False,
4195,False,
5759,False,
9037,False,
5758,False,
6087,False,
7168,False,
4786,True,psychedelic_study_100_20240418.jsonl
2279,False,
8248,False,
8911,False,
94,False,
1751,False,
5887,False,
5760,False,
5755,False,
3679,False,
4910,False,
6605,False,
869,True,psychedelic_study_50_20240418.jsonl
3463,False,
9470,True,psychedelic_study_100_20240411.jsonl
8955,False,
2628,False,
4383,False,
8264,False,
2806,False,
1554,False,
5657,False,
8042,False,
8660,False,
2623,False,
814,True,psychedelic_study_100_20240418.jsonl
5756,False,
2927,False,
3780,False,
4931,False,
8101,False,
4357,False,
834,False,
8767,False,
7262,False,
2622,False,
1968,False,
644,False,
2637,False,
8519,True,psychedelic_study_50_20240418.jsonl
6996,False,
3648,False,
218,False,
6568,False,
7537,False,
8937,False,
8712,False,
532,True,psychedelic_study_100_20240418.jsonl
7406,False,
2930,True,psychedelic_study_100_20240418.jsonl
8400,True,psychedelic_study_100_20240418.jsonl
5647,False,
2912,True,psychedelic_study_50_20240418.jsonl
7702,True,psychedelic_study_100_20240411.jsonl
3436,False,
4847,False,
5738,False,
2187,False,
1102,False,
1001,False,
4390,False,
5943,False,
8249,False,
2370,False,
4403,False,
5221,False,
7903,False,
4901,False,
4720,False,
9211,False,
9412,False,
1845,False,
5801,False,
2332,True,psychedelic_study_100_20240411.jsonl
4103,True,psychedelic_study_50_20240418.jsonl
1828,False,
1892,False,
4665,False,
5772,False,
3651,False,
1789,False,
3653,False,
2123,False,
690,False,
602,False,
5154,False,
6725,False,
4500,False,
7318,True,psychedelic_study_50_20240418.jsonl
9194,False,
4254,False,
798,False,
4762,False,
8485,False,
7483,False,
7515,False,
8495,False,
9523,False,
6828,True,psychedelic_study_100_20240411.jsonl
5680,False,
6439,False,
1653,False,
8971,False,
8119,False,
3394,False,
1692,False,
890,False,
639,False,
3899,False,
2053,False,
1126,False,
640,False,
3215,True,psychedelic_study_100_20240411.jsonl
3970,False,
2789,False,
6247,False,
6606,False,
6269,False,
1911,False,
9226,False,
4118,False,
7271,False,
7608,False,
3588,False,
8706,False,
6690,False,
6684,False,
4510,False,
5207,False,
2996,False,
782,False,
987,False,
3692,False,
2331,False,
292,False,
8292,False,
7275,False,
4151,False,
6227,False,
6128,False,
8639,False,
6085,False,
2788,False,
1511,True,psychedelic_study_100_20240418.jsonl
5869,False,
5926,True,psychedelic_study_100_20240418.jsonl
2157,False,
6600,False,
7997,False,
6280,False,
2673,False,
4626,False,
7509,False,
1844,False,
2926,False,
2439,True,psychedelic_study_100_20240418.jsonl
4265,True,psychedelic_study_100_20240411.jsonl
71,False,
2506,False,
8817,False,
7826,False,
6221,False,
748,False,
2709,False,
5805,False,
356,False,
173,False,
986,False,
2243,False,
992,False,
5415,False,
1874,True,psychedelic_study_100_20240418.jsonl
1950,True,psychedelic_study_100_20240418.jsonl
1076,False,
4982,True,psychedelic_study_100_20240418.jsonl
4507,False,
4740,False,
595,False,
8799,False,
4934,False,
9250,False,
2469,False,
9419,False,
4134,False,
675,False,
1034,False,
7230,False,
6645,False,
7813,False,
4177,False,
8600,False,
1868,False,
8710,False,
5627,False,
2454,False,
6538,False,
1875,False,
8263,False,
4432,False,
180,False,
7712,False,
3832,False,
4063,False,
5782,False,
7460,True,psychedelic_study_100_20240411.jsonl
8760,False,
3733,True,psychedelic_study_100_20240411.jsonl
4092,False,
6404,False,
6713,False,
4661,False,
8678,False,
8034,False,
3283,False,
4524,False,
4415,False,
4781,False,
1642,False,
4632,False,
8901,False,
6337,False,
603,False,
2940,False,
1099,False,
5832,False,
2358,False,
8905,True,psychedelic_study_100_20240418.jsonl
7455,False,
6541,False,
941,False,
3105,False,
7442,False,
8674,False,
1038,False,
8036,False,
5379,False,
9140,True,psychedelic_study_100_20240418.jsonl
8675,False,
8038,False,
594,True,psychedelic_study_100_20240418.jsonl
6487,False,
4404,True,psychedelic_study_100_20240411.jsonl
4102,False,
2755,True,psychedelic_study_100_20240418.jsonl
829,False,
1850,True,psychedelic_study_100_20240411.jsonl
7083,True,psychedelic_study_100_20240411.jsonl
2462,False,
9608,True,psychedelic_study_100_20240418.jsonl
8221,True,psychedelic_study_100_20240418.jsonl
984,False,
9298,False,
8035,True,psychedelic_study_50_20240418.jsonl
4959,False,
332,False,
6454,False,
4860,False,
5380,False,
3769,True,psychedelic_study_100_20240418.jsonl
208,False,
4932,False,
9411,False,
8900,False,
2465,False,
6362,True,psychedelic_study_50_20240418.jsonl
7125,False,
2097,False,
1811,True,psychedelic_study_100_20240411.jsonl
7309,False,
7192,False,
9045,False,
440,False,
8080,False,
1888,False,
3691,False,
9614,False,
8637,False,
996,True,psychedelic_study_50_20240418.jsonl
1435,True,psychedelic_study_100_20240418.jsonl
8804,False,
2477,False,
5646,False,
1890,False,
4761,False,
8621,False,
7468,True,psychedelic_study_100_20240418.jsonl
4142,False,
605,False,
5246,False,
52,False,
420,False,
6042,False,
8870,False,
188,False,
2459,False,
5890,False,
147,False,
6677,False,
1028,False,
7344,False,
5276,False,
7474,True,psychedelic_study_100_20240411.jsonl
974,False,
8703,True,psychedelic_study_100_20240418.jsonl
4426,False,
6435,False,
3719,False,
4065,False,
6133,False,
2244,False,
1483,False,
3253,False,
6235,True,psychedelic_study_100_20240418.jsonl
3689,False,
6070,True,psychedelic_study_50_20240418.jsonl
6100,False,
6331,False,
485,False,
4119,False,
9112,False,
7644,False,
5039,False,
6294,False,
6266,False,
1684,False,
8247,True,psychedelic_study_100_20240411.jsonl
5012,False,
8704,False,
9147,False,
2566,False,
3367,False,
1369,False,
6174,False,
5397,False,
3601,False,
5398,False,
1748,False,
4250,False,
6302,False,
9374,False,
3916,False,
4530,False,
4059,False,
3918,False,
4046,False,
5723,False,
3288,False,
3099,False,
2214,False,
1108,False,
8906,False,
6209,False,
4326,False,
3476,False,
379,False,
2925,False,
6755,False,
4038,False,
5132,True,psychedelic_study_100_20240418.jsonl
7751,False,
8578,False,
2102,False,
5467,False,
1107,False,
7816,False,
317,False,
7752,True,psychedelic_study_100_20240418.jsonl
7839,False,
4888,True,psychedelic_study_100_20240411.jsonl
4251,False,
4787,False,
3442,False,
6200,False,
9025,False,
8105,False,
3491,False,
9125,False,
4460,False,
8981,False,
9302,False,
8800,False,
8508,True,psychedelic_study_100_20240418.jsonl
7715,False,
3904,False,
8797,False,
4070,True,psychedelic_study_100_20240411.jsonl
7269,False,
6290,False,
1058,False,
2180,False,
8198,False,
9613,False,
1394,False,
4648,False,
7914,False,
129,False,
513,False,
8480,False,
1440,False,
6086,False,
9578,True,psychedelic_study_50_20240418.jsonl
9308,False,
8262,False,
1770,False,
5432,False,
3330,False,
9353,False,
514,False,
5357,False,
8434,False,
7140,False,
7490,False,
2117,False,
7131,False,
4876,False,
1106,False,
6683,False,
6432,False,
6488,False,
4640,False,
1966,False,
1395,False,
7037,False,
853,False,
2150,True,psychedelic_study_100_20240418.jsonl
3303,False,
6719,False,
8123,False,
2511,False,
1100,False,
4606,False,
3406,False,
8680,False,
1180,False,
8156,False,
6425,False,
2088,False,
1054,False,
5901,False,
7814,False,
7488,False,
7538,False,
6263,False,
3506,False,
402,False,
4583,False,
6391,False,
604,False,
8010,False,
6607,False,
2483,False,
2800,True,psychedelic_study_100_20240411.jsonl
1287,False,
250,False,
2116,False,
1006,False,
7684,False,
2995,False,
4235,False,
6566,False,
5297,False,
9611,False,
647,False,
7613,False,
8236,False,
9101,False,
3045,False,
5896,False,
3044,False,
7036,False,
4161,False,
7267,False,
7169,False,
4152,False,
713,False,
7681,False,
4054,False,
1791,True,psychedelic_study_50_20240418.jsonl
5241,False,
892,False,
2151,False,
5516,False,
3767,False,
4641,False,
4670,False,
4940,False,
7998,False,
7178,False,
6291,False,
1651,False,
1171,False,
1738,False,
3912,False,
1273,False,
1953,True,psychedelic_study_100_20240418.jsonl
5556,True,psychedelic_study_100_20240418.jsonl
9163,False,
1887,True,psychedelic_study_100_20240411.jsonl
4584,False,
1037,False,
8297,False,
9347,False,
3126,False,
2045,False,
1292,False,
6909,True,psychedelic_study_50_20240418.jsonl
1506,False,
2668,False,
1251,False,
1804,False,
3450,False,
7343,False,
4435,False,
5679,False,
3106,False,
5454,False,
1903,True,psychedelic_study_100_20240411.jsonl
1031,False,
7678,False,
4431,False,
9309,False,
6364,False,
8397,False,
4090,False,
284,False,
5314,False,
512,True,psychedelic_study_100_20240418.jsonl
4480,False,
643,False,
8435,False,
4094,False,
3193,False,
6092,False,
2136,True,psychedelic_study_100_20240418.jsonl
1876,False,
1293,False,
3474,False,
2758,False,
7239,False,
4889,False,
3276,False,
3220,False,
4101,False,
7079,False,
7904,True,psychedelic_study_100_20240411.jsonl
1951,False,
9303,False,
7136,False,
7310,False,
3186,False,
5274,False,
9055,True,psychedelic_study_100_20240411.jsonl
6217,False,
4294,False,
130,False,
6196,True,psychedelic_study_100_20240418.jsonl
8110,False,
5493,False,
1631,False,
4963,False,
3539,False,
9090,False,
7748,False,
2859,False,
6556,False,
5360,False,
3284,False,
9506,True,psychedelic_study_100_20240418.jsonl
4188,False,
5888,False,
176,True,psychedelic_study_50_20240418.jsonl
3908,False,
2832,False,
8839,False,
9199,False,
5088,False,
8031,True,psychedelic_study_50_20240418.jsonl
8611,False,
2159,False,
7390,False,
7072,False,
4850,False,
3513,False,
7379,False,
6262,False,
2339,False,
7588,False,
792,False,
68,False,
6557,False,
1613,False,
6214,False,
5355,False,
2914,False,
5906,False,
3475,False,
8662,False,
2624,False,
2629,False,
7529,False,
9351,False,
9400,False,
9113,True,psychedelic_study_100_20240411.jsonl
6942,False,
5159,False,
5826,False,
1097,False,
3662,False,
7160,False,
2048,False,
1957,True,psychedelic_study_100_20240418.jsonl
7749,False,
6558,False,
4095,False,
751,False,
3346,True,psychedelic_study_100_20240411.jsonl
4848,True,psychedelic_study_100_20240418.jsonl
6622,False,
593,False,
7141,False,
7470,False,
3242,False,
9220,False,
488,False,
5047,False,
5599,False,
894,False,
5563,False,
281,False,
4452,False,
1687,False,
422,False,
1286,False,
7578,False,
9053,False,
7928,False,
5231,False,
7785,False,
6629,False,
3722,False,
8972,True,psychedelic_study_50_20240418.jsonl
6878,False,
49,True,psychedelic_study_50_20240418.jsonl
4105,False,
1914,False,
2005,False,
3181,False,
4126,False,
2076,False,
3104,False,
7366,False,
8029,False,
489,False,
7744,False,
4475,False,
5041,True,psychedelic_study_100_20240411.jsonl
9148,False,
8346,False,
1711,False,
4916,False,
1990,True,psychedelic_study_100_20240411.jsonl
6081,False,
4657,False,
272,False,
5794,False,
2891,False,
8586,False,
1782,False,
3095,True,psychedelic_study_100_20240411.jsonl
8751,False,
5423,False,
7398,False,
1632,False,
8913,True,psychedelic_study_100_20240411.jsonl
1867,False,
6632,True,psychedelic_study_50_20240418.jsonl
419,False,
5370,True,psychedelic_study_100_20240411.jsonl
4181,False,
5358,False,
8030,True,psychedelic_study_100_20240411.jsonl
3493,False,
4044,False,
470,False,
6168,False,
4291,False,
6540,True,psychedelic_study_100_20240418.jsonl
3597,True,psychedelic_study_100_20240411.jsonl
5835,False,
6260,False,
8494,False,
5508,False,
83,False,
9297,False,
8837,False,
520,False,
7164,False,
8298,False,
4457,False,
3197,False,
4419,False,
5275,False,
1474,False,
9525,False,
30,False,
1187,False,
2224,False,
3399,False,
5605,False,
8812,False,
515,False,
863,False,
5705,False,
7451,False,
612,False,
6515,False,
2099,False,
8663,False,
8664,False,
2872,False,
2801,False,
7524,False,
7897,False,
5465,False,
6006,False,
7489,False,
3152,True,psychedelic_study_100_20240418.jsonl
5707,False,
5199,False,
1676,False,
6230,False,
9507,False,
9251,True,psychedelic_study_100_20240418.jsonl
4569,False,
7653,True,psychedelic_study_100_20240418.jsonl
1316,False,
7395,False,
293,False,
7716,False,
6192,False,
6303,False,
387,False,
6429,False,
1677,False,
7871,False,
6246,False,
63,False,
1344,False,
8073,False,
9115,False,
6261,False,
517,False,
4678,True,psychedelic_study_100_20240418.jsonl
933,False,
5091,False,
4550,False,
4100,True,psychedelic_study_100_20240418.jsonl
2827,False,
9593,False,
4108,False,
5164,False,
6808,True,psychedelic_study_100_20240411.jsonl
5514,False,
7035,False,
6237,False,
6679,False,
166,True,psychedelic_study_100_20240418.jsonl
2208,False,
4938,False,
2505,False,
4685,False,
9452,False,
9181,False,
8281,False,
4072,False,
5552,False,
9345,False,
2512,False,
7190,False,
6603,False,
3787,False,
5426,False,
4091,False,
6248,False,
4049,False,
8070,False,
4936,False,
8069,False,
6978,False,
3525,False,
1385,False,
6536,False,
8334,False,
2783,False,
8294,True,psychedelic_study_50_20240418.jsonl
9487,False,
2129,False,
5681,False,
807,False,
1800,False,
8686,False,
9612,False,
8213,False,
6952,False,
3012,False,
5204,False,
2787,False,
4494,False,
5160,False,
9158,False,
9056,False,
7300,False,
9069,False,
6210,False,
6777,False,
6985,False,
6638,False,
377,False,
2301,True,psychedelic_study_100_20240411.jsonl
1294,False,
101,False,
1211,False,
4087,False,
6631,False,
8907,False,
1387,False,
7279,False,
3205,False,
6752,False,
8343,False,
2554,False,
4084,False,
2784,False,
5320,False,
3661,False,
1362,False,
2572,False,
7948,False,
5740,False,
132,False,
8037,False,
2737,False,
6179,False,
3340,True,psychedelic_study_100_20240411.jsonl
7472,False,
5734,False,
8554,False,
4682,False,
8026,False,
872,False,
6017,False,
3534,False,
9544,False,
4724,False,
7041,False,
5736,False,
7039,False,
8945,False,
9089,False,
5806,False,
8287,False,
1947,False,
2486,False,
6111,False,
4788,False,
2667,False,
4695,False,
4915,False,
8271,False,
381,False,
7113,False,
1847,False,
7278,False,
4030,False,
6599,False,
1689,False,
9010,True,psychedelic_study_100_20240418.jsonl
8722,False,
4865,False,
1683,False,
7960,False,
1899,False,
901,False,
8172,False,
3721,False,
1596,False,
3768,False,
6569,False,
9057,False,
